algo,train_time (ms)
A2C,321.17199897766113
ACKTR,1717.8006172180176
DDPG,159.8336696624756
PPO1,492.85054206848145
PPO2,78.31287384033203
SAC,167.22702980041504
TRPO,1356.1136722564697
TD3,135.94651222229004
