algo,train_time (ms)
A2C,311.43760681152344
ACKTR,1718.4038162231445
DDPG,384.66882705688477
PPO1,498.79002571105957
PPO2,80.35135269165039
SAC,170.8519458770752
TRPO,1086.712121963501
TD3,128.78704071044922
