algo,train_time (ms)
A2C,351.24921798706055
ACKTR,1727.2603511810303
DDPG,185.25266647338867
PPO1,530.1516056060791
PPO2,78.66382598876953
SAC,181.37311935424805
TRPO,1227.1623611450195
TD3,143.55897903442383
