algo,train_time (ms)
A2C,350.06141662597656
ACKTR,1707.3187828063965
DDPG,163.57064247131348
PPO1,531.9159030914307
PPO2,80.54828643798828
SAC,170.0737476348877
TRPO,1146.327018737793
TD3,138.78321647644043
