algo,train_time (ms)
A2C,361.84191703796387
ACKTR,1811.3255500793457
DDPG,167.5271987915039
PPO1,524.0521430969238
PPO2,78.58562469482422
SAC,175.34255981445312
TRPO,1185.7988834381104
TD3,141.07465744018555
