algo,success ratio,average reach time
A2C,0.0297029702970297,61.0
ACKTR,0.13861386138613863,61.57142857142857
