algo,train_time (ms)
A2C,308.9301586151123
ACKTR,1655.038833618164
DDPG,154.4053554534912
PPO1,470.412015914917
PPO2,79.0870189666748
SAC,159.53779220581055
TRPO,1028.2466411590576
TD3,129.89163398742676
